{
  "ABIRoot": {
    "kind": "Root",
    "name": "TopLevel",
    "printedName": "TopLevel",
    "children": [
      {
        "kind": "Import",
        "name": "Foundation",
        "printedName": "Foundation",
        "declKind": "Import",
        "moduleName": "SharingApp",
        "declAttributes": [
          "RawDocComment"
        ]
      },
      {
        "kind": "Import",
        "name": "StringOperations",
        "printedName": "StringOperations",
        "declKind": "Import",
        "moduleName": "SharingApp",
        "declAttributes": [
          "ImplementationOnly"
        ]
      },
      {
        "kind": "TypeDecl",
        "name": "String",
        "printedName": "String",
        "children": [
          {
            "kind": "Function",
            "name": "isValidEmail",
            "printedName": "isValidEmail()",
            "children": [
              {
                "kind": "TypeNominal",
                "name": "Bool",
                "printedName": "Swift.Bool",
                "usr": "s:Sb"
              }
            ],
            "declKind": "Func",
            "usr": "s:SS10SharingAppE12isValidEmailSbyF",
            "mangledName": "$sSS10SharingAppE12isValidEmailSbyF",
            "moduleName": "SharingApp",
            "declAttributes": [
              "AccessControl"
            ],
            "isFromExtension": true,
            "funcSelfKind": "NonMutating"
          },
          {
            "kind": "Function",
            "name": "clear",
            "printedName": "clear()",
            "children": [
              {
                "kind": "TypeNominal",
                "name": "Bool",
                "printedName": "Swift.Bool",
                "usr": "s:Sb"
              }
            ],
            "declKind": "Func",
            "usr": "s:SS10SharingAppE5clearSbyF",
            "mangledName": "$sSS10SharingAppE5clearSbyF",
            "moduleName": "SharingApp",
            "declAttributes": [
              "AccessControl"
            ],
            "isFromExtension": true,
            "funcSelfKind": "NonMutating"
          }
        ],
        "declKind": "Struct",
        "usr": "s:SS",
        "mangledName": "$sSS",
        "moduleName": "Swift",
        "declAttributes": [
          "EagerMove",
          "Frozen"
        ],
        "isExternal": true,
        "conformances": [
          {
            "kind": "Conformance",
            "name": "Decodable",
            "printedName": "Decodable",
            "usr": "s:Se",
            "mangledName": "$sSe"
          },
          {
            "kind": "Conformance",
            "name": "Encodable",
            "printedName": "Encodable",
            "usr": "s:SE",
            "mangledName": "$sSE"
          },
          {
            "kind": "Conformance",
            "name": "CodingKeyRepresentable",
            "printedName": "CodingKeyRepresentable",
            "usr": "s:s22CodingKeyRepresentableP",
            "mangledName": "$ss22CodingKeyRepresentableP"
          },
          {
            "kind": "Conformance",
            "name": "_HasContiguousBytes",
            "printedName": "_HasContiguousBytes",
            "usr": "s:s19_HasContiguousBytesP",
            "mangledName": "$ss19_HasContiguousBytesP"
          },
          {
            "kind": "Conformance",
            "name": "CustomReflectable",
            "printedName": "CustomReflectable",
            "usr": "s:s17CustomReflectableP",
            "mangledName": "$ss17CustomReflectableP"
          },
          {
            "kind": "Conformance",
            "name": "_CustomPlaygroundQuickLookable",
            "printedName": "_CustomPlaygroundQuickLookable",
            "usr": "s:s30_CustomPlaygroundQuickLookableP",
            "mangledName": "$ss30_CustomPlaygroundQuickLookableP"
          },
          {
            "kind": "Conformance",
            "name": "TextOutputStream",
            "printedName": "TextOutputStream",
            "usr": "s:s16TextOutputStreamP",
            "mangledName": "$ss16TextOutputStreamP"
          },
          {
            "kind": "Conformance",
            "name": "TextOutputStreamable",
            "printedName": "TextOutputStreamable",
            "usr": "s:s20TextOutputStreamableP",
            "mangledName": "$ss20TextOutputStreamableP"
          },
          {
            "kind": "Conformance",
            "name": "Hashable",
            "printedName": "Hashable",
            "usr": "s:SH",
            "mangledName": "$sSH"
          },
          {
            "kind": "Conformance",
            "name": "Sendable",
            "printedName": "Sendable",
            "usr": "s:s8SendableP",
            "mangledName": "$ss8SendableP"
          },
          {
            "kind": "Conformance",
            "name": "_ExpressibleByBuiltinUnicodeScalarLiteral",
            "printedName": "_ExpressibleByBuiltinUnicodeScalarLiteral",
            "usr": "s:s41_ExpressibleByBuiltinUnicodeScalarLiteralP",
            "mangledName": "$ss41_ExpressibleByBuiltinUnicodeScalarLiteralP"
          },
          {
            "kind": "Conformance",
            "name": "_ExpressibleByBuiltinExtendedGraphemeClusterLiteral",
            "printedName": "_ExpressibleByBuiltinExtendedGraphemeClusterLiteral",
            "usr": "s:s51_ExpressibleByBuiltinExtendedGraphemeClusterLiteralP",
            "mangledName": "$ss51_ExpressibleByBuiltinExtendedGraphemeClusterLiteralP"
          },
          {
            "kind": "Conformance",
            "name": "_ExpressibleByBuiltinStringLiteral",
            "printedName": "_ExpressibleByBuiltinStringLiteral",
            "usr": "s:s34_ExpressibleByBuiltinStringLiteralP",
            "mangledName": "$ss34_ExpressibleByBuiltinStringLiteralP"
          },
          {
            "kind": "Conformance",
            "name": "ExpressibleByStringLiteral",
            "printedName": "ExpressibleByStringLiteral",
            "children": [
              {
                "kind": "TypeWitness",
                "name": "StringLiteralType",
                "printedName": "StringLiteralType",
                "children": [
                  {
                    "kind": "TypeNominal",
                    "name": "String",
                    "printedName": "Swift.String",
                    "usr": "s:SS"
                  }
                ]
              }
            ],
            "usr": "s:s26ExpressibleByStringLiteralP",
            "mangledName": "$ss26ExpressibleByStringLiteralP"
          },
          {
            "kind": "Conformance",
            "name": "ExpressibleByExtendedGraphemeClusterLiteral",
            "printedName": "ExpressibleByExtendedGraphemeClusterLiteral",
            "children": [
              {
                "kind": "TypeWitness",
                "name": "ExtendedGraphemeClusterLiteralType",
                "printedName": "ExtendedGraphemeClusterLiteralType",
                "children": [
                  {
                    "kind": "TypeNominal",
                    "name": "String",
                    "printedName": "Swift.String",
                    "usr": "s:SS"
                  }
                ]
              }
            ],
            "usr": "s:s43ExpressibleByExtendedGraphemeClusterLiteralP",
            "mangledName": "$ss43ExpressibleByExtendedGraphemeClusterLiteralP"
          },
          {
            "kind": "Conformance",
            "name": "ExpressibleByUnicodeScalarLiteral",
            "printedName": "ExpressibleByUnicodeScalarLiteral",
            "children": [
              {
                "kind": "TypeWitness",
                "name": "UnicodeScalarLiteralType",
                "printedName": "UnicodeScalarLiteralType",
                "children": [
                  {
                    "kind": "TypeNominal",
                    "name": "String",
                    "printedName": "Swift.String",
                    "usr": "s:SS"
                  }
                ]
              }
            ],
            "usr": "s:s33ExpressibleByUnicodeScalarLiteralP",
            "mangledName": "$ss33ExpressibleByUnicodeScalarLiteralP"
          },
          {
            "kind": "Conformance",
            "name": "CustomDebugStringConvertible",
            "printedName": "CustomDebugStringConvertible",
            "usr": "s:s28CustomDebugStringConvertibleP",
            "mangledName": "$ss28CustomDebugStringConvertibleP"
          },
          {
            "kind": "Conformance",
            "name": "CustomStringConvertible",
            "printedName": "CustomStringConvertible",
            "usr": "s:s23CustomStringConvertibleP",
            "mangledName": "$ss23CustomStringConvertibleP"
          },
          {
            "kind": "Conformance",
            "name": "BidirectionalCollection",
            "printedName": "BidirectionalCollection",
            "children": [
              {
                "kind": "TypeWitness",
                "name": "Element",
                "printedName": "Element",
                "children": [
                  {
                    "kind": "TypeNominal",
                    "name": "Character",
                    "printedName": "Swift.Character",
                    "usr": "s:SJ"
                  }
                ]
              },
              {
                "kind": "TypeWitness",
                "name": "Index",
                "printedName": "Index",
                "children": [
                  {
                    "kind": "TypeNominal",
                    "name": "Index",
                    "printedName": "Swift.String.Index",
                    "usr": "s:SS5IndexV"
                  }
                ]
              },
              {
                "kind": "TypeWitness",
                "name": "SubSequence",
                "printedName": "SubSequence",
                "children": [
                  {
                    "kind": "TypeNominal",
                    "name": "Substring",
                    "printedName": "Swift.Substring",
                    "usr": "s:Ss"
                  }
                ]
              },
              {
                "kind": "TypeWitness",
                "name": "Indices",
                "printedName": "Indices",
                "children": [
                  {
                    "kind": "TypeNominal",
                    "name": "DefaultIndices",
                    "printedName": "Swift.DefaultIndices<Swift.String>",
                    "children": [
                      {
                        "kind": "TypeNominal",
                        "name": "String",
                        "printedName": "Swift.String",
                        "usr": "s:SS"
                      }
                    ],
                    "usr": "s:SI"
                  }
                ]
              }
            ],
            "usr": "s:SK",
            "mangledName": "$sSK"
          },
          {
            "kind": "Conformance",
            "name": "Collection",
            "printedName": "Collection",
            "children": [
              {
                "kind": "TypeWitness",
                "name": "Element",
                "printedName": "Element",
                "children": [
                  {
                    "kind": "TypeNominal",
                    "name": "Character",
                    "printedName": "Swift.Character",
                    "usr": "s:SJ"
                  }
                ]
              },
              {
                "kind": "TypeWitness",
                "name": "Index",
                "printedName": "Index",
                "children": [
                  {
                    "kind": "TypeNominal",
                    "name": "Index",
                    "printedName": "Swift.String.Index",
                    "usr": "s:SS5IndexV"
                  }
                ]
              },
              {
                "kind": "TypeWitness",
                "name": "Iterator",
                "printedName": "Iterator",
                "children": [
                  {
                    "kind": "TypeNominal",
                    "name": "Iterator",
                    "printedName": "Swift.String.Iterator",
                    "usr": "s:SS8IteratorV"
                  }
                ]
              },
              {
                "kind": "TypeWitness",
                "name": "SubSequence",
                "printedName": "SubSequence",
                "children": [
                  {
                    "kind": "TypeNominal",
                    "name": "Substring",
                    "printedName": "Swift.Substring",
                    "usr": "s:Ss"
                  }
                ]
              },
              {
                "kind": "TypeWitness",
                "name": "Indices",
                "printedName": "Indices",
                "children": [
                  {
                    "kind": "TypeNominal",
                    "name": "DefaultIndices",
                    "printedName": "Swift.DefaultIndices<Swift.String>",
                    "children": [
                      {
                        "kind": "TypeNominal",
                        "name": "String",
                        "printedName": "Swift.String",
                        "usr": "s:SS"
                      }
                    ],
                    "usr": "s:SI"
                  }
                ]
              }
            ],
            "usr": "s:Sl",
            "mangledName": "$sSl"
          },
          {
            "kind": "Conformance",
            "name": "Sequence",
            "printedName": "Sequence",
            "children": [
              {
                "kind": "TypeWitness",
                "name": "Element",
                "printedName": "Element",
                "children": [
                  {
                    "kind": "TypeNominal",
                    "name": "Character",
                    "printedName": "Swift.Character",
                    "usr": "s:SJ"
                  }
                ]
              },
              {
                "kind": "TypeWitness",
                "name": "Iterator",
                "printedName": "Iterator",
                "children": [
                  {
                    "kind": "TypeNominal",
                    "name": "Iterator",
                    "printedName": "Swift.String.Iterator",
                    "usr": "s:SS8IteratorV"
                  }
                ]
              }
            ],
            "usr": "s:ST",
            "mangledName": "$sST"
          },
          {
            "kind": "Conformance",
            "name": "Equatable",
            "printedName": "Equatable",
            "usr": "s:SQ",
            "mangledName": "$sSQ"
          },
          {
            "kind": "Conformance",
            "name": "Comparable",
            "printedName": "Comparable",
            "usr": "s:SL",
            "mangledName": "$sSL"
          },
          {
            "kind": "Conformance",
            "name": "StringProtocol",
            "printedName": "StringProtocol",
            "children": [
              {
                "kind": "TypeWitness",
                "name": "UTF8View",
                "printedName": "UTF8View",
                "children": [
                  {
                    "kind": "TypeNominal",
                    "name": "UTF8View",
                    "printedName": "Swift.String.UTF8View",
                    "usr": "s:SS8UTF8ViewV"
                  }
                ]
              },
              {
                "kind": "TypeWitness",
                "name": "UTF16View",
                "printedName": "UTF16View",
                "children": [
                  {
                    "kind": "TypeNominal",
                    "name": "UTF16View",
                    "printedName": "Swift.String.UTF16View",
                    "usr": "s:SS9UTF16ViewV"
                  }
                ]
              },
              {
                "kind": "TypeWitness",
                "name": "UnicodeScalarView",
                "printedName": "UnicodeScalarView",
                "children": [
                  {
                    "kind": "TypeNominal",
                    "name": "UnicodeScalarView",
                    "printedName": "Swift.String.UnicodeScalarView",
                    "usr": "s:SS17UnicodeScalarViewV"
                  }
                ]
              },
              {
                "kind": "TypeWitness",
                "name": "SubSequence",
                "printedName": "SubSequence",
                "children": [
                  {
                    "kind": "TypeNominal",
                    "name": "Substring",
                    "printedName": "Swift.Substring",
                    "usr": "s:Ss"
                  }
                ]
              }
            ],
            "usr": "s:Sy",
            "mangledName": "$sSy"
          },
          {
            "kind": "Conformance",
            "name": "ExpressibleByStringInterpolation",
            "printedName": "ExpressibleByStringInterpolation",
            "children": [
              {
                "kind": "TypeWitness",
                "name": "StringInterpolation",
                "printedName": "StringInterpolation",
                "children": [
                  {
                    "kind": "TypeNominal",
                    "name": "DefaultStringInterpolation",
                    "printedName": "Swift.DefaultStringInterpolation",
                    "usr": "s:s26DefaultStringInterpolationV"
                  }
                ]
              }
            ],
            "usr": "s:s32ExpressibleByStringInterpolationP",
            "mangledName": "$ss32ExpressibleByStringInterpolationP"
          },
          {
            "kind": "Conformance",
            "name": "LosslessStringConvertible",
            "printedName": "LosslessStringConvertible",
            "usr": "s:s25LosslessStringConvertibleP",
            "mangledName": "$ss25LosslessStringConvertibleP"
          },
          {
            "kind": "Conformance",
            "name": "RangeReplaceableCollection",
            "printedName": "RangeReplaceableCollection",
            "children": [
              {
                "kind": "TypeWitness",
                "name": "SubSequence",
                "printedName": "SubSequence",
                "children": [
                  {
                    "kind": "TypeNominal",
                    "name": "Substring",
                    "printedName": "Swift.Substring",
                    "usr": "s:Ss"
                  }
                ]
              }
            ],
            "usr": "s:Sm",
            "mangledName": "$sSm"
          },
          {
            "kind": "Conformance",
            "name": "MirrorPath",
            "printedName": "MirrorPath",
            "usr": "s:s10MirrorPathP",
            "mangledName": "$ss10MirrorPathP"
          },
          {
            "kind": "Conformance",
            "name": "_ObjectiveCBridgeable",
            "printedName": "_ObjectiveCBridgeable",
            "children": [
              {
                "kind": "TypeWitness",
                "name": "_ObjectiveCType",
                "printedName": "_ObjectiveCType",
                "children": [
                  {
                    "kind": "TypeNominal",
                    "name": "NSString",
                    "printedName": "Foundation.NSString",
                    "usr": "c:objc(cs)NSString"
                  }
                ]
              }
            ],
            "usr": "s:s21_ObjectiveCBridgeableP",
            "mangledName": "$ss21_ObjectiveCBridgeableP"
          },
          {
            "kind": "Conformance",
            "name": "CVarArg",
            "printedName": "CVarArg",
            "usr": "s:s7CVarArgP",
            "mangledName": "$ss7CVarArgP"
          }
        ]
      }
    ],
    "json_format_version": 8
  },
  "ConstValues": []
}